{
  "src": [
    "mp3\\commonSounds.mp3"
  ],
  "sprite": {
    "backToMainScreen": [
      0,
      1032.0181405895692
    ],
    "error": [
      3000,
      1619.5918367346937
    ],
    "gameCompleted": [
      6000,
      3912.01814058957
    ],
    "homeBackgroundMusic": [
      11000,
      87405.71428571428
    ],
    "openGame": [
      100000,
      1008.0045351473927
    ],
    "success": [
      103000,
      3359.9999999999995
    ]
  }
}