{
  "src": [
    "mp3\\commonSounds.mp3"
  ],
  "sprite": {
    "closePopUp": [
      0,
      168.0045351473923
    ],
    "error": [
      1999.9999999999998,
      1619.591836734694
    ],
    "gameCompleted": [
      5000,
      3912.01814058957
    ],
    "homeBackgroundMusic": [
      10000,
      87405.71428571428
    ],
    "openGame": [
      99000,
      1008.0045351473927
    ],
    "openPopUp": [
      102000,
      288.0045351473939
    ],
    "success": [
      104000,
      3359.9999999999995
    ]
  }
}