{
  "src": [
    "mp3\\popUpSounds.mp3"
  ],
  "sprite": {
    "closePopUp": [
      0,
      168.0045351473923
    ],
    "openPopUp": [
      1999.9999999999998,
      288.00453514739235
    ]
  }
}